,0,1,2,3,4,5,6,7,8,9,10,11,12,13,14,15,16,17,18,19,20,21,22,23,24,25,26,27,28,29,30,31,32,33,34,35,36,37,38,39,40,41,42,43,44,45,46,47,48,49,50,51,52,53,54,55,56,57,58,59,60,61,62,63,64,65,66,67,68,69,70,71,72,73,74,75,76,77,78,79,80,81,82,83,84,85,86,87,88,89,90,91,92,93,94,95,96,97,98,99
0,26,20,26,27,31,38,20,38,31,20,20,38,20,38,20,20,38,20,31,20,31,31,30,31,20,31,31,30,30,24,20,31,20,30,30,31,34,20,24,34,34,38,26,38,23,21,24,21,23,21,31,31,23,28,26,27,38,26,31,24,28,27,23,27,21,23,23,31,23,26,27,38,23,30,23,24,28,21,31,23,31,31,23,23,21,24,30,21,38,28,26,31,21,26,21,21,26,26,23,47
1,31,20,38,20,30,38,38,31,31,31,31,31,34,31,31,26,20,38,26,31,26,38,30,26,31,27,20,24,38,20,20,38,31,31,31,20,20,34,20,24,38,38,20,27,23,31,21,26,28,38,28,23,38,23,23,21,23,31,21,28,30,26,23,23,24,26,23,31,38,38,24,26,23,31,26,21,28,23,21,21,26,21,24,23,21,28,23,23,24,30,23,21,38,23,21,28,23,24,21,33
2,26,24,38,26,20,20,27,20,20,20,31,38,26,31,26,31,20,30,20,27,31,20,20,38,30,30,20,38,38,20,24,38,20,38,30,30,26,30,20,26,20,26,27,30,26,38,28,31,28,23,21,21,23,34,24,30,31,23,31,31,23,31,28,28,21,38,26,21,23,21,21,23,21,23,28,26,21,23,21,26,26,28,23,38,21,31,23,23,28,26,23,27,21,26,21,26,23,30,23,33
3,27,34,20,26,26,26,20,31,20,30,31,20,30,31,20,20,31,31,26,20,27,20,24,38,24,34,20,30,27,38,31,20,38,20,20,30,27,20,31,31,30,26,20,30,23,26,27,21,38,31,26,23,28,23,21,38,21,26,27,34,26,28,28,31,21,21,28,21,24,31,34,38,24,28,31,31,23,26,26,28,24,21,28,31,34,27,21,26,26,30,23,23,21,23,26,34,21,23,38,35
4,38,31,20,38,31,26,26,31,31,26,26,30,20,20,20,38,31,38,26,31,20,38,27,30,24,24,20,38,27,31,20,20,20,20,38,30,20,30,38,30,31,30,30,26,24,28,31,23,23,38,23,21,38,24,34,28,34,31,26,21,23,28,31,23,23,28,31,27,30,31,26,31,23,23,26,30,38,38,28,30,26,21,28,23,31,26,23,23,26,31,28,31,24,31,31,21,28,26,28,35
5,30,20,20,30,26,26,26,20,20,20,26,26,20,34,20,26,31,24,26,38,20,31,24,20,30,38,31,34,20,31,31,24,27,38,27,30,31,20,26,20,38,31,31,20,26,31,28,23,23,28,31,21,23,23,23,24,31,23,23,26,23,23,38,28,26,31,23,28,30,23,31,23,34,28,38,21,26,23,38,23,31,30,24,28,38,27,28,26,31,28,26,26,23,27,34,21,38,31,30,35
6,20,31,38,31,30,30,31,20,30,30,26,20,20,27,31,20,31,20,20,24,20,20,26,27,20,26,31,24,38,26,20,31,30,38,24,31,20,38,38,34,30,30,38,31,31,21,21,21,31,26,30,34,27,28,31,24,23,31,23,23,31,28,30,38,23,26,28,31,34,23,23,23,26,23,28,31,24,30,26,23,26,26,31,23,26,26,26,28,23,26,28,21,26,28,31,21,21,34,38,36
7,20,30,20,24,38,20,20,27,38,20,24,31,30,31,38,38,30,31,31,31,34,30,26,26,38,31,34,30,26,20,20,24,20,30,20,30,31,26,31,31,34,20,31,20,38,26,23,23,28,34,23,28,34,23,21,23,30,26,26,38,23,21,26,24,31,28,31,23,21,31,38,31,28,30,23,24,24,26,23,21,23,23,34,30,24,23,23,23,30,26,26,24,28,31,28,28,24,31,26,35
8,30,20,20,38,34,20,38,20,24,38,24,31,26,34,20,20,34,20,20,20,20,24,31,31,31,34,30,24,31,30,20,31,31,20,31,26,20,24,34,34,31,20,31,20,23,26,28,28,23,28,38,28,38,28,23,38,31,23,23,26,31,23,23,21,31,23,28,30,28,26,21,26,21,23,34,38,23,21,23,23,27,23,23,31,23,30,23,26,31,34,26,31,21,23,23,23,23,23,31,40
9,31,31,34,20,27,26,31,24,20,20,30,24,20,20,38,26,34,20,30,34,31,30,30,20,38,20,31,27,26,26,20,20,31,38,31,30,20,34,38,20,20,20,27,26,31,28,23,23,31,23,24,23,30,23,28,23,30,23,38,34,23,34,24,34,27,23,26,21,24,26,23,30,30,21,21,31,24,31,38,23,23,23,30,30,31,23,26,27,26,21,24,21,26,23,23,23,26,26,23,43
10,31,30,24,30,30,34,26,31,20,38,26,30,30,30,31,38,26,20,24,31,30,20,31,20,30,24,20,20,31,20,27,20,30,20,26,20,30,20,20,30,30,26,20,20,26,23,30,21,27,38,31,31,31,23,28,30,38,31,28,24,31,38,23,30,30,23,28,23,23,21,28,28,23,38,30,23,28,23,28,28,34,38,30,21,26,21,23,26,23,31,26,30,26,38,28,21,28,31,28,35
11,31,20,38,20,26,30,20,31,20,30,27,38,26,31,31,24,38,31,27,31,20,38,31,20,26,30,20,26,30,30,30,20,31,34,30,26,26,27,26,38,20,20,20,30,24,26,21,23,30,38,23,28,30,26,27,27,23,38,24,23,21,30,30,26,23,21,23,31,23,31,23,26,23,28,26,34,30,23,23,34,23,34,24,28,23,21,24,23,31,27,34,31,28,38,23,23,23,23,38,40
12,24,20,20,31,34,30,31,20,34,31,24,27,20,31,31,26,20,20,31,31,24,20,31,20,20,31,20,38,26,27,20,20,20,30,31,30,30,26,20,26,38,20,27,27,23,23,28,21,34,28,21,21,24,30,23,21,26,31,26,28,21,30,23,28,30,23,28,23,21,23,23,26,28,38,34,23,28,26,28,31,30,23,23,26,28,24,26,24,28,28,31,28,30,26,28,26,23,34,26,36
13,24,38,31,20,31,26,20,20,30,30,38,20,24,38,31,26,20,30,26,31,26,20,26,20,31,20,20,31,30,34,26,27,27,31,20,20,31,30,20,20,20,31,20,31,30,23,23,23,28,31,23,28,23,23,26,23,24,30,28,23,26,28,23,30,21,28,23,24,24,30,30,24,23,24,21,21,21,30,23,30,31,38,30,23,23,23,21,23,38,31,21,31,31,23,26,31,27,23,27,47
14,34,20,26,20,38,31,31,26,38,31,27,27,30,34,20,20,38,20,30,38,20,24,30,31,38,38,31,27,20,38,20,31,20,20,26,26,38,38,20,26,31,38,20,20,23,26,28,23,23,21,27,31,28,23,23,21,31,21,38,31,31,30,31,31,30,31,28,23,31,28,26,31,30,23,28,21,31,21,26,23,28,23,34,23,31,38,23,27,34,26,28,31,23,30,38,21,27,26,23,47
15,31,31,20,31,30,30,31,20,27,26,20,38,20,27,34,20,26,20,31,20,34,31,31,20,27,20,27,20,20,24,31,38,27,30,20,20,20,31,31,26,20,26,34,31,30,26,26,31,21,38,27,26,31,24,23,28,21,23,21,23,23,21,28,30,30,31,28,21,24,31,34,28,26,38,24,23,23,24,23,23,23,26,31,34,31,28,30,23,38,28,27,21,30,28,28,31,26,26,28,35
16,31,20,34,20,20,27,20,38,20,20,31,20,27,38,20,26,26,20,20,20,38,31,26,31,27,30,30,30,20,34,30,38,20,20,31,38,20,24,24,26,30,26,30,26,28,28,27,26,28,21,28,31,24,23,21,23,26,23,31,26,23,26,28,26,30,28,23,26,24,21,21,21,23,28,23,31,23,30,26,31,31,23,31,26,21,34,31,27,21,24,23,31,30,21,21,21,31,31,28,36
17,20,31,20,30,34,24,31,24,31,31,20,26,30,20,24,34,20,20,27,24,38,20,38,24,30,34,24,24,31,30,34,31,38,24,38,20,20,38,20,34,20,26,31,38,21,27,23,34,28,23,31,28,31,31,30,34,30,21,27,23,26,26,31,23,34,30,31,21,31,26,38,23,23,23,24,23,31,26,23,21,31,21,24,23,30,23,38,38,24,26,23,23,28,24,23,34,21,21,31,33
18,27,31,38,20,31,31,20,38,26,24,27,31,20,31,27,38,20,38,20,20,38,20,30,31,31,24,34,38,38,20,38,31,24,38,26,26,20,31,38,24,30,30,34,20,21,21,21,27,28,21,24,21,26,24,30,31,31,30,28,31,23,26,26,28,23,23,23,28,31,23,26,26,31,26,31,26,30,23,28,23,38,24,23,27,31,23,38,31,26,28,23,26,31,31,26,26,28,28,23,33
19,24,30,20,30,31,31,20,30,27,20,20,20,30,38,31,26,20,38,20,26,26,20,20,30,38,30,30,20,20,26,27,31,20,38,20,27,20,31,24,26,30,20,34,20,24,21,23,21,23,23,28,23,27,21,31,31,24,31,38,27,26,26,38,21,38,23,31,31,26,31,34,28,31,23,31,30,26,28,24,24,31,27,24,23,30,23,38,23,26,26,38,24,21,38,23,23,23,30,28,33
20,31,30,20,20,20,38,26,31,27,27,20,30,34,38,20,24,20,34,20,20,24,38,31,31,20,20,26,30,24,26,26,27,20,24,34,27,31,31,24,20,20,27,24,20,31,31,38,34,23,31,28,21,38,24,23,31,26,31,28,31,21,23,30,38,21,23,31,23,21,30,24,28,28,21,31,31,31,34,23,28,31,26,23,23,31,23,27,21,23,38,24,21,30,31,21,26,21,31,26,35
21,26,24,31,20,34,26,26,26,26,26,26,20,24,20,20,20,20,20,26,20,31,31,20,30,24,20,34,31,30,26,34,26,26,20,20,20,31,38,31,34,26,38,20,26,28,23,26,31,28,26,31,23,23,26,38,30,23,31,21,21,38,23,23,34,28,38,31,21,28,38,21,28,21,30,23,31,23,21,31,26,26,31,24,30,26,24,27,31,23,26,24,24,30,28,38,23,23,23,23,40
22,38,27,20,34,31,30,20,26,31,27,24,20,30,30,31,26,38,30,38,30,26,34,27,26,30,26,20,20,31,20,27,31,27,26,24,20,20,26,38,24,24,26,26,26,21,31,31,26,23,28,31,24,31,21,23,23,28,23,28,38,31,23,28,31,23,23,28,30,21,23,26,23,26,31,28,28,26,34,23,31,21,23,24,30,31,28,21,21,28,23,23,31,28,31,23,26,38,21,28,40
23,26,34,24,30,20,34,20,31,30,31,38,24,24,30,26,24,30,27,20,38,31,30,24,31,26,34,30,31,26,20,20,30,34,27,31,26,30,30,31,30,27,34,31,20,21,21,26,23,23,30,30,38,23,23,31,21,23,38,31,23,23,26,26,23,24,38,24,21,26,28,28,28,28,38,38,23,23,26,24,21,31,23,30,23,34,28,23,23,23,26,23,31,31,26,26,34,27,24,31,40
24,38,31,26,20,38,27,27,24,34,31,30,20,20,20,20,26,20,38,20,20,20,30,27,24,31,27,38,38,20,24,38,26,30,30,31,38,31,31,20,31,20,30,26,20,31,31,23,21,21,23,27,21,34,30,27,26,24,26,30,31,26,26,31,23,38,31,38,31,24,26,30,23,26,26,38,28,26,31,21,23,21,31,31,28,21,21,24,28,26,26,31,24,21,38,23,21,26,38,38,33
25,31,38,20,38,26,30,31,20,26,20,26,20,20,31,26,20,26,24,20,26,31,38,26,34,31,20,24,30,31,24,31,30,20,38,20,24,38,31,30,20,20,30,26,20,28,26,23,34,23,30,34,26,21,34,28,23,21,30,21,23,31,23,38,23,31,28,31,23,38,24,21,28,28,28,38,23,21,26,38,21,27,28,21,28,26,26,38,28,24,23,28,23,23,31,21,21,21,23,28,40
26,26,31,30,26,20,20,20,20,38,30,20,27,38,30,26,26,20,20,34,20,31,26,20,30,24,20,27,20,20,27,30,26,20,38,31,24,20,31,20,31,26,20,34,26,21,28,28,21,23,23,28,23,26,23,28,34,26,28,21,26,23,23,21,23,26,24,30,23,27,28,23,27,21,24,23,26,30,26,23,28,26,31,31,28,31,31,23,23,26,23,26,21,23,23,31,28,21,31,27,33
27,20,38,24,26,24,27,30,38,31,20,24,20,27,20,31,38,20,26,34,27,34,38,20,34,31,20,31,27,34,26,38,20,20,20,38,31,38,30,31,31,26,30,34,31,31,23,23,31,23,26,38,26,26,21,23,38,26,21,23,21,30,21,23,23,23,30,30,23,28,31,31,34,21,23,28,28,26,31,34,31,31,21,21,31,26,31,21,31,31,28,28,38,27,23,23,31,38,31,31,35
28,20,20,30,30,26,30,24,20,31,34,20,20,26,20,27,31,26,26,26,30,26,31,31,26,31,30,38,26,31,38,20,30,20,30,38,20,30,31,31,30,26,27,26,20,31,23,21,30,28,26,23,28,21,21,30,34,31,38,23,30,28,23,23,34,34,24,23,31,21,31,28,23,23,23,23,24,30,28,31,38,28,28,24,34,23,31,26,23,23,24,26,27,21,23,26,23,21,26,21,33
29,27,34,20,34,31,20,30,27,20,20,38,31,30,31,24,26,31,26,20,34,34,30,30,31,26,31,26,31,31,31,20,30,30,20,27,20,27,31,26,38,26,26,20,38,23,38,38,24,38,23,27,21,21,21,23,31,28,31,24,23,30,23,28,21,30,24,31,23,27,26,31,21,21,23,34,26,21,26,38,26,26,28,28,30,30,31,26,23,21,34,30,31,28,26,21,23,34,26,21,40
30,27,27,34,20,31,31,20,26,20,27,24,27,30,20,27,38,20,20,31,20,31,31,30,31,30,20,27,20,20,38,31,30,27,30,27,20,20,31,20,27,38,20,26,34,34,23,38,30,34,26,23,21,31,24,23,28,23,21,21,31,38,23,28,26,31,27,26,23,23,26,24,23,30,30,26,28,28,23,34,21,30,31,26,34,26,24,26,31,23,28,24,31,31,38,30,28,31,31,24,35
31,27,30,20,20,20,30,20,20,20,31,20,20,31,30,31,24,20,38,20,34,30,26,31,20,20,34,30,30,34,24,20,31,20,26,20,20,20,31,24,26,20,31,20,24,28,30,24,21,28,28,23,24,24,21,26,21,23,23,30,31,27,28,28,34,24,23,31,38,23,23,28,31,24,24,28,24,28,31,26,28,23,23,21,28,21,21,23,24,30,23,24,23,30,23,26,23,28,21,26,35
32,27,31,31,31,20,20,31,20,34,20,38,30,26,20,31,30,27,26,30,26,26,31,24,31,20,31,31,31,20,20,30,20,31,27,27,24,20,30,26,27,20,20,26,20,21,23,23,21,21,28,23,26,30,21,38,38,34,38,23,23,38,26,21,21,38,24,31,23,21,23,23,23,26,23,38,23,31,24,24,31,27,21,27,31,30,28,26,24,28,38,23,24,23,23,21,30,27,30,31,47
33,20,26,26,20,20,31,20,31,26,26,38,30,26,20,20,31,31,20,20,34,34,26,24,24,20,24,27,20,20,31,20,20,20,31,20,20,30,31,20,27,31,20,20,20,21,27,26,31,31,21,21,24,23,27,23,27,21,21,26,27,23,26,23,21,24,38,26,24,24,23,30,31,21,23,28,26,23,27,24,34,27,23,24,23,28,21,28,24,24,26,28,38,24,23,28,28,26,26,28,43
34,24,20,31,20,20,20,38,20,27,26,31,20,31,20,31,38,31,20,30,20,26,20,27,26,31,27,31,20,20,26,30,20,31,30,26,24,34,26,38,31,30,20,26,20,23,21,24,23,31,23,31,23,23,38,31,21,28,26,34,31,31,28,21,23,27,23,38,24,28,28,23,28,23,28,31,31,23,23,23,26,28,26,26,28,23,34,21,23,23,26,34,26,26,30,31,23,23,26,28,39
35,20,31,30,20,27,34,26,31,34,30,31,34,38,30,31,38,26,31,31,38,27,38,26,34,27,20,38,31,20,38,20,31,20,30,24,20,20,38,20,26,31,27,24,30,28,26,26,21,38,23,23,28,21,34,30,31,23,28,30,21,23,23,38,31,23,24,23,30,28,31,28,23,21,23,28,24,21,26,31,21,31,31,23,23,28,28,23,26,31,28,21,26,31,31,30,26,31,28,27,40
36,20,26,26,30,30,20,31,26,26,31,31,20,31,31,38,20,38,34,20,38,26,31,24,31,38,31,20,20,20,38,26,20,20,20,34,30,24,30,20,38,38,20,34,30,31,23,23,21,28,23,26,26,38,26,30,26,21,30,30,26,38,26,28,23,26,31,28,28,27,24,26,23,28,31,23,31,28,21,38,28,31,26,34,23,27,24,26,27,28,23,23,21,28,23,28,31,23,23,31,33
37,31,27,31,31,31,27,20,24,20,20,38,30,31,26,38,20,30,20,38,38,31,31,27,30,38,26,30,38,27,31,38,20,26,20,20,20,20,31,20,20,30,20,38,20,28,26,23,30,30,23,28,38,28,24,31,21,23,26,23,31,31,34,31,21,26,26,23,38,28,24,27,23,38,21,23,31,26,24,27,23,28,34,26,24,26,23,27,28,24,30,31,31,26,23,30,27,34,28,28,40
38,30,20,20,20,20,24,27,38,31,27,20,34,34,38,31,31,27,20,20,20,20,34,31,34,31,20,26,26,31,38,20,20,31,20,24,27,31,27,38,34,24,26,27,20,24,31,21,28,38,30,23,21,28,31,28,30,27,23,30,23,28,38,38,27,23,31,23,30,24,31,24,34,27,23,31,21,21,23,31,31,31,23,34,21,34,21,23,23,28,23,23,26,23,27,23,24,23,24,24,35
39,31,31,20,31,20,31,24,31,27,24,31,20,34,30,38,30,31,26,26,38,31,31,20,38,38,38,20,27,30,20,24,24,31,27,26,31,30,30,30,20,20,31,34,20,26,23,28,30,23,26,23,21,28,21,38,24,21,23,24,23,24,30,38,28,23,23,26,38,38,38,34,23,23,23,21,31,24,21,26,21,21,26,31,21,28,31,23,21,21,21,21,21,21,38,28,28,23,26,31,33
40,34,38,26,38,27,20,34,34,20,38,26,26,38,24,31,31,26,27,20,20,24,34,24,30,20,31,38,30,27,26,31,38,20,20,20,31,31,26,31,27,20,20,20,20,23,31,24,24,23,26,38,21,27,21,23,31,24,31,31,23,23,23,31,34,31,21,23,30,34,24,28,23,28,26,23,26,26,23,23,31,23,28,23,23,34,28,23,21,21,38,23,24,30,23,38,23,34,27,23,40
41,27,31,27,20,24,20,20,24,20,24,20,31,26,27,27,34,31,26,31,30,31,27,24,26,38,27,38,24,20,27,31,38,34,26,20,20,20,31,20,20,20,27,27,38,26,23,21,30,30,26,21,31,31,24,31,28,31,26,21,21,23,23,21,26,24,30,21,23,34,21,31,30,26,23,21,24,21,26,30,31,31,23,23,21,23,24,23,26,26,28,21,26,24,38,34,23,23,26,34,40
42,34,27,30,38,30,26,20,34,31,38,27,27,38,34,20,26,31,20,20,31,34,38,30,20,30,34,27,34,20,38,30,31,31,20,31,27,20,38,31,20,34,20,31,20,31,23,34,23,31,23,21,31,34,27,31,23,24,21,38,21,24,23,38,21,23,30,38,31,31,31,21,23,23,21,23,24,26,31,30,23,31,23,26,38,26,23,23,28,23,24,23,21,28,21,24,31,27,24,28,40
43,20,31,20,20,20,30,20,31,24,27,26,27,38,26,20,38,26,20,20,31,31,30,26,26,26,20,30,26,31,26,20,27,27,24,24,20,30,30,38,30,24,20,38,38,28,23,38,28,30,31,27,27,23,24,23,31,23,26,28,21,31,23,23,26,31,28,21,23,26,23,38,28,23,24,24,24,24,38,28,24,21,21,21,21,26,26,23,23,26,23,28,28,26,30,23,21,26,23,28,35
44,20,27,20,27,26,20,31,27,26,30,31,34,20,31,20,31,34,20,31,31,24,38,20,27,31,24,31,38,34,26,20,27,20,31,20,27,20,38,31,26,20,31,24,27,21,23,31,27,30,30,23,26,27,21,23,26,23,28,27,30,31,23,28,26,28,23,23,28,26,21,38,23,27,24,27,21,31,24,23,21,24,21,21,31,31,21,31,26,21,30,28,21,21,21,23,23,23,21,21,40
45,20,20,30,31,20,38,27,24,26,30,30,20,31,20,38,31,20,30,34,31,31,20,24,20,34,26,31,20,34,31,31,30,20,30,26,20,31,38,27,24,30,20,20,27,34,23,23,23,30,26,26,30,21,31,38,31,24,23,38,31,30,27,23,23,28,21,26,23,24,26,31,28,26,26,23,23,28,31,26,28,23,27,31,21,30,38,38,21,38,26,23,28,23,21,23,31,24,23,26,40
46,27,30,30,20,31,20,38,31,38,34,31,26,34,27,26,30,20,31,31,38,31,30,24,30,31,20,38,27,20,31,20,31,27,20,38,26,30,31,34,30,34,31,27,30,21,24,23,23,23,27,27,23,30,21,21,30,31,31,23,21,31,28,23,26,24,26,23,23,24,21,23,23,26,23,30,31,31,21,26,30,23,26,27,23,23,38,21,30,26,30,26,23,28,23,31,34,38,21,28,35
47,20,20,24,20,20,20,38,31,20,24,20,20,34,20,26,31,20,34,26,20,31,30,20,27,26,20,38,31,20,38,20,20,38,20,24,24,20,31,20,26,31,20,20,26,26,23,26,31,23,28,28,24,21,21,38,21,31,23,21,28,28,28,26,23,27,21,31,23,26,26,23,28,23,23,31,24,34,23,24,23,31,23,21,24,24,26,31,38,26,21,26,23,24,23,28,23,21,38,28,33
48,30,34,20,20,34,20,24,20,27,20,24,24,26,31,31,38,20,30,20,20,31,26,20,27,34,26,34,24,34,26,31,20,27,20,20,31,34,38,20,38,31,20,20,20,24,28,21,26,34,24,21,23,21,23,21,30,23,23,23,31,31,26,28,24,21,26,23,23,24,26,21,28,21,23,34,24,23,27,28,31,38,24,30,26,23,31,23,23,24,23,27,30,24,23,26,21,21,27,28,35
49,31,38,34,20,20,20,38,24,38,27,20,27,30,20,31,27,20,31,26,20,26,20,31,31,38,20,38,26,20,31,24,27,24,31,20,31,38,38,20,20,20,31,30,30,27,23,38,34,23,26,27,27,31,26,24,21,34,21,28,21,26,27,34,23,23,38,38,38,31,28,26,23,24,38,23,23,31,21,23,21,23,28,38,23,21,28,23,21,23,38,27,31,21,23,27,31,28,26,28,40
50,20,27,26,38,27,27,26,30,20,26,24,20,30,26,20,24,27,31,30,38,34,38,27,20,38,20,31,34,38,38,31,20,20,24,20,30,26,20,31,31,27,30,24,34,30,23,27,21,28,28,21,28,31,28,24,28,23,31,26,38,21,28,21,23,31,24,23,23,21,21,28,28,24,26,28,24,31,23,38,26,23,38,21,31,26,21,30,21,23,28,26,26,31,34,21,26,38,24,30,47
51,30,20,31,20,34,20,30,26,31,20,20,26,38,20,38,31,20,30,30,20,38,38,31,24,20,34,34,38,31,31,38,20,24,20,20,20,34,31,24,31,31,27,31,31,26,23,34,28,23,23,28,31,31,21,26,24,31,28,26,26,28,31,26,23,21,24,30,23,28,30,24,28,21,23,24,23,23,28,23,21,21,38,28,30,31,26,28,28,23,28,30,21,31,23,34,30,38,26,31,39
52,30,34,26,27,31,31,34,31,31,20,20,38,38,20,26,20,31,24,30,20,31,31,27,31,31,30,38,31,38,34,27,34,20,27,20,20,20,30,20,20,20,20,26,20,26,23,27,23,31,23,21,24,28,31,31,21,30,24,26,21,38,31,31,28,23,26,23,23,24,24,23,23,31,28,26,31,26,26,38,26,23,24,31,24,31,23,30,38,24,30,26,30,34,23,23,28,26,24,23,35
53,31,38,26,24,24,30,20,20,24,20,24,30,38,20,24,26,20,20,31,20,30,31,38,20,27,26,20,38,24,31,20,27,20,20,26,30,31,34,34,31,20,27,31,20,30,23,23,21,38,21,23,34,24,31,21,28,26,23,38,24,28,21,23,26,26,23,21,23,38,23,26,34,27,23,23,24,24,24,31,31,28,23,38,23,24,31,23,28,31,38,23,23,26,26,38,26,23,24,24,40
54,34,20,20,20,26,20,26,26,27,38,31,30,31,20,24,30,20,20,20,31,34,26,34,20,26,30,34,26,31,38,20,24,30,20,26,26,24,38,20,30,38,26,38,30,21,34,23,23,23,23,28,23,31,24,21,26,27,38,30,23,38,26,23,31,24,23,38,31,26,21,21,23,21,26,31,31,23,23,34,21,23,24,28,28,21,31,23,31,24,23,23,24,21,30,23,23,23,23,23,35
55,26,31,26,20,20,30,34,31,20,34,20,20,31,20,31,20,24,27,20,24,20,38,34,31,34,27,26,31,20,30,27,31,26,24,38,20,31,38,38,20,20,26,26,20,38,23,26,26,30,38,23,31,21,21,23,23,24,30,26,34,23,26,21,31,23,21,23,31,21,31,24,21,24,23,24,31,24,21,21,24,38,34,23,23,24,34,23,31,23,23,23,26,24,38,26,31,23,24,23,40
56,20,31,27,24,20,20,20,20,27,20,24,20,26,20,24,26,38,30,20,30,31,38,31,31,26,20,31,31,27,26,24,26,26,30,24,24,30,30,30,20,31,20,24,27,27,38,23,31,21,23,34,24,21,21,24,23,24,23,23,34,23,26,23,38,31,31,21,26,21,38,24,23,21,38,24,27,28,23,24,31,28,26,26,23,24,21,23,31,21,21,26,24,26,28,23,21,31,31,26,35
57,27,30,34,20,27,30,38,31,31,20,38,20,26,20,20,26,27,20,20,27,30,26,20,24,30,38,26,26,30,20,20,20,38,31,30,20,34,38,34,30,20,30,27,38,23,23,28,23,23,23,31,30,31,21,23,23,24,23,27,31,23,23,23,26,21,26,30,23,26,24,28,26,31,23,21,34,24,31,23,23,23,23,26,23,23,31,23,24,21,21,21,31,31,38,23,27,23,23,26,33
58,31,31,24,26,24,27,27,20,27,20,20,30,26,34,20,30,20,20,30,24,24,34,24,26,31,20,31,38,24,26,20,30,34,20,27,20,20,31,30,30,27,34,20,30,24,26,30,23,28,23,28,34,23,31,21,30,21,21,28,28,23,23,23,38,31,31,23,30,30,30,24,28,21,34,34,31,30,26,28,27,30,27,34,28,28,38,38,21,31,28,23,31,28,31,23,34,23,21,31,40
59,20,30,20,30,24,20,38,31,26,20,24,20,34,38,20,20,27,20,30,31,31,34,31,20,26,24,38,31,31,34,27,24,20,20,26,20,20,38,26,30,26,20,31,20,26,34,31,30,26,21,24,31,31,24,24,23,28,31,28,26,30,21,23,31,26,26,23,23,31,26,24,23,28,28,26,30,26,27,21,38,23,38,26,23,31,24,31,26,26,30,26,21,31,23,26,31,26,26,26,35
60,20,20,34,26,20,31,20,38,26,34,34,24,38,26,20,38,26,24,38,31,20,30,24,38,26,20,38,38,20,30,24,20,20,20,26,20,20,38,38,30,24,20,20,34,28,23,23,30,28,24,28,23,31,34,24,27,23,28,28,21,28,23,31,28,30,24,28,24,24,26,26,38,30,38,26,26,23,21,28,30,28,26,26,28,31,31,23,26,23,24,21,24,24,28,28,24,38,26,38,33
61,34,26,27,27,20,20,30,30,20,31,30,20,31,26,20,38,24,26,20,20,38,20,27,30,38,20,20,31,34,34,20,20,24,27,27,20,20,38,20,31,27,31,30,26,23,38,23,28,28,24,24,21,28,34,26,31,38,31,23,26,34,28,21,38,27,21,23,26,30,24,23,38,27,31,34,26,21,26,23,31,21,26,24,27,26,21,23,24,31,23,23,23,21,23,31,24,23,31,38,40
62,30,20,20,20,20,38,20,31,20,24,27,20,31,20,20,38,31,20,20,20,30,34,30,24,20,34,31,38,20,38,27,38,20,24,20,30,30,31,27,38,20,30,34,30,27,31,23,23,31,28,38,23,24,24,31,21,31,23,31,30,23,28,23,23,24,31,31,24,30,21,30,31,31,23,26,27,24,24,23,28,31,26,31,26,21,21,28,23,31,23,23,26,23,26,26,27,28,27,31,40
63,24,26,31,31,30,31,26,30,20,30,31,20,26,20,26,24,20,27,24,24,24,30,20,34,31,31,34,31,26,24,26,30,20,20,20,26,20,20,20,26,20,20,31,20,24,21,26,23,38,31,34,31,26,31,24,23,23,23,21,24,26,23,23,38,26,31,23,21,21,26,24,23,21,28,21,38,24,34,31,21,30,26,31,21,27,23,30,31,26,28,23,23,24,38,23,23,23,21,24,33
64,20,20,34,26,20,31,30,31,31,20,24,38,31,20,30,38,20,20,26,30,38,30,27,30,26,20,34,38,20,38,20,31,20,26,30,20,20,38,20,34,24,24,20,20,24,30,38,28,28,31,38,24,24,23,24,28,26,21,23,38,23,28,28,28,28,31,23,34,31,24,26,38,30,28,24,24,21,21,23,21,28,31,23,21,24,31,23,24,21,23,28,26,26,26,38,26,23,26,24,35
65,26,20,20,26,20,27,20,31,20,20,20,20,30,20,27,34,24,24,38,30,31,26,31,24,24,20,31,38,30,31,24,20,24,31,20,20,31,26,30,38,31,30,30,31,31,23,26,38,21,31,26,31,31,34,24,30,23,28,28,24,23,23,28,21,21,38,28,30,26,23,31,28,26,24,31,38,24,23,23,26,38,34,28,27,26,21,23,24,26,26,23,34,23,23,34,31,26,30,23,33
66,31,31,20,26,20,20,27,20,20,31,26,27,31,20,20,31,38,31,31,20,20,20,27,27,38,20,30,26,20,26,20,20,20,31,34,24,20,38,24,20,30,24,20,20,21,26,26,28,23,26,27,31,23,26,24,21,31,23,21,24,28,24,31,23,27,26,28,24,27,23,31,26,21,28,23,27,21,26,31,24,23,23,31,23,23,28,38,21,26,31,23,38,27,23,26,24,23,24,21,35
67,34,24,26,31,31,20,31,20,20,20,20,30,38,24,24,31,31,20,38,38,24,27,26,26,30,24,38,26,34,30,20,30,20,20,31,20,20,38,38,38,34,30,20,31,26,23,21,21,30,23,27,28,28,31,30,26,26,38,31,26,21,26,23,38,23,26,31,31,26,24,24,21,26,28,26,28,31,23,28,24,24,23,21,31,24,24,23,21,31,23,21,31,38,26,38,28,28,31,24,33
68,27,24,24,30,38,26,27,38,31,31,24,20,31,26,31,20,31,26,38,20,26,31,20,20,38,20,30,31,20,30,38,24,34,20,31,20,31,30,24,20,20,31,34,20,21,28,23,28,31,38,27,23,27,34,38,27,31,23,24,31,21,21,28,28,24,26,23,24,24,21,27,38,23,28,21,31,30,23,28,26,38,26,31,27,30,28,23,26,24,30,23,21,26,30,23,21,21,21,27,33
69,31,31,31,27,30,30,27,20,26,20,27,20,26,20,20,26,26,31,38,20,31,27,24,20,38,31,26,31,38,31,27,27,20,31,31,24,31,20,20,31,24,31,20,20,21,24,26,23,28,23,23,24,28,31,24,27,26,28,21,31,31,26,26,23,21,24,38,24,34,31,24,23,31,23,21,31,38,30,30,24,23,26,34,26,23,24,28,28,23,28,23,23,31,23,23,30,23,30,28,35
70,38,20,31,31,31,27,27,30,24,20,20,30,31,30,20,20,24,24,38,20,26,20,31,24,30,20,20,38,31,38,20,31,26,20,30,20,20,38,30,38,20,26,20,30,31,23,21,23,28,23,26,31,23,26,21,31,21,23,21,28,38,30,23,23,38,24,28,24,26,24,23,23,26,23,31,27,28,38,23,24,38,38,24,28,24,24,28,23,24,28,38,21,27,23,28,31,21,26,23,36
71,27,38,31,20,27,27,20,34,20,31,27,24,38,24,31,20,20,20,20,20,20,31,24,38,20,27,38,38,24,38,24,34,24,20,30,31,20,34,20,20,20,20,20,20,23,38,26,38,23,23,26,24,26,27,31,24,26,23,24,23,23,21,30,28,26,23,23,28,34,31,24,38,24,28,23,31,38,31,28,31,30,23,26,21,28,23,26,21,26,21,21,26,24,28,28,24,23,21,31,33
72,31,20,24,20,24,38,34,27,31,30,31,26,20,31,24,38,38,26,20,34,24,31,26,31,34,26,34,20,31,26,20,24,20,34,26,20,30,30,27,20,20,20,20,38,24,38,31,21,28,23,26,24,21,31,28,34,24,26,21,24,21,26,31,26,24,26,31,24,21,30,28,23,31,31,31,21,21,23,21,26,28,24,31,27,31,26,21,26,24,38,23,38,31,38,38,26,26,23,26,40
73,34,30,26,20,31,26,20,26,20,31,20,30,38,20,31,20,20,31,20,38,20,26,30,20,20,30,26,38,20,38,38,26,30,30,20,26,30,38,30,20,24,20,27,20,27,27,26,23,38,21,24,26,34,24,28,28,24,21,24,24,23,23,31,23,24,26,23,24,38,21,24,23,31,30,21,24,21,23,30,26,23,21,21,23,21,21,23,24,24,38,23,38,31,23,23,23,34,24,34,40
74,20,20,31,31,20,27,27,24,20,38,24,31,38,31,24,20,31,20,30,31,24,20,26,27,34,34,26,20,20,38,20,27,20,30,20,20,30,38,20,38,31,31,20,20,23,23,38,23,30,23,23,38,28,24,31,24,26,21,24,21,23,24,23,23,31,23,23,28,23,21,24,21,21,30,31,24,31,23,23,30,28,21,24,28,24,27,34,28,24,23,21,27,23,31,30,27,23,30,30,33
75,31,27,20,38,20,31,20,34,38,20,20,20,26,31,20,34,31,38,38,27,26,26,24,24,38,20,38,31,34,31,20,34,31,20,20,34,24,38,20,20,27,24,20,31,26,26,28,31,31,21,26,21,26,27,26,28,26,26,30,23,23,21,23,28,28,24,21,21,23,23,26,28,23,23,24,23,31,31,30,24,23,24,24,23,26,24,24,26,27,38,28,31,26,28,26,23,23,30,24,35
76,20,26,24,20,20,30,30,24,30,20,27,24,30,31,27,38,31,27,31,20,34,20,38,27,24,27,20,31,31,20,20,27,20,30,26,20,24,31,26,27,30,30,20,20,23,23,26,28,23,23,24,31,34,31,26,28,23,28,23,24,26,24,23,27,27,26,31,21,24,21,38,28,21,30,23,23,31,24,26,24,27,27,28,23,31,21,23,23,26,23,23,24,21,21,28,28,23,28,31,40
77,20,27,26,20,20,24,20,20,20,24,20,31,26,20,20,31,31,20,20,34,20,38,26,27,26,30,30,38,20,26,26,27,20,27,38,34,31,38,24,30,20,38,26,30,23,38,23,38,23,31,30,21,21,31,27,31,27,31,31,28,23,21,23,28,24,21,38,34,24,30,23,21,31,23,31,31,23,23,23,23,23,31,21,28,23,31,26,26,26,38,23,21,24,23,28,26,23,38,23,35
78,24,20,20,20,26,20,20,31,30,27,30,20,31,20,20,38,30,20,31,38,20,30,38,26,20,20,20,30,30,31,26,24,20,20,26,30,38,30,24,38,20,30,20,20,31,31,23,31,23,23,30,24,24,24,26,21,31,23,21,28,23,28,23,30,21,24,23,26,26,21,26,23,24,30,27,24,21,31,23,24,23,30,38,28,21,21,26,26,38,38,23,21,21,23,23,24,23,21,27,36
79,26,20,26,31,20,34,20,20,20,31,20,20,30,26,20,26,20,30,30,20,26,20,20,30,31,24,31,30,20,27,20,24,20,24,30,31,27,26,20,30,24,20,20,34,28,26,31,23,31,31,21,27,26,23,26,30,26,21,26,24,21,28,31,38,30,34,24,27,24,27,24,23,31,28,26,26,23,26,23,21,23,21,24,23,31,23,26,24,24,31,23,30,21,38,23,28,31,26,28,33
80,31,20,31,20,20,31,20,34,20,27,26,30,20,34,26,31,20,24,31,20,26,31,24,24,26,20,26,38,27,30,34,20,31,20,34,20,24,30,24,26,24,30,20,27,21,38,23,28,23,23,21,28,26,28,21,23,24,23,26,26,23,23,23,23,21,30,23,26,34,27,21,23,21,28,21,34,27,34,31,21,23,31,31,21,21,23,28,28,31,23,23,31,28,31,23,23,31,28,21,33
81,20,31,24,20,20,20,27,20,24,20,24,31,20,38,20,26,26,26,30,20,24,20,31,26,27,30,26,31,31,20,20,27,24,20,24,20,20,30,31,31,20,20,20,24,24,28,34,23,21,28,21,34,21,26,27,31,26,23,26,23,23,28,23,23,24,30,31,23,30,31,34,21,21,21,30,26,27,31,34,30,23,27,24,26,26,23,31,28,21,23,38,31,31,23,23,21,23,23,21,36
82,26,27,20,20,26,20,20,26,31,20,31,20,26,20,27,38,20,30,38,20,20,20,26,31,38,20,38,31,31,20,20,20,26,20,34,20,20,38,24,20,20,20,31,20,23,28,23,23,23,23,30,27,30,23,31,23,27,23,38,21,23,21,23,23,38,24,23,23,34,30,24,26,23,26,24,21,27,31,28,31,38,24,26,21,24,38,23,24,21,30,23,31,23,31,23,24,30,23,30,40
83,30,20,20,20,27,24,20,24,20,20,20,27,24,27,27,38,20,20,38,30,26,20,31,20,34,24,31,38,20,30,31,24,38,27,20,24,20,26,20,20,24,20,20,20,27,30,23,31,34,23,27,23,21,31,27,31,26,28,24,26,38,31,23,23,21,31,26,28,31,31,24,21,28,21,23,27,24,24,26,31,26,24,34,38,23,26,31,30,23,38,31,24,23,23,23,26,23,27,27,35
84,24,34,20,31,38,31,20,20,27,20,20,27,31,30,20,34,34,30,34,20,31,20,31,20,30,20,38,20,38,24,20,38,31,27,20,27,20,38,34,31,20,20,20,20,26,31,31,31,23,23,34,27,23,21,21,26,23,23,21,26,23,23,23,21,28,26,38,26,23,27,23,23,30,24,31,34,21,28,26,28,23,23,21,21,21,23,28,27,21,26,21,24,30,38,23,26,23,30,21,39
85,26,20,34,26,31,20,20,20,20,20,30,20,31,20,24,27,34,20,20,20,20,20,31,34,38,20,30,38,34,30,24,20,27,27,20,24,31,20,31,20,38,20,34,20,28,23,23,23,28,27,24,26,28,24,23,26,23,23,30,26,30,28,28,38,23,34,28,21,23,27,21,23,24,21,31,23,24,23,23,28,28,30,31,31,24,26,23,21,21,23,23,24,21,23,23,31,23,28,24,33
86,31,20,20,31,20,30,34,24,31,20,24,26,31,20,27,26,20,27,31,27,31,20,24,38,38,20,38,38,20,20,24,24,20,30,27,20,20,38,34,31,20,31,34,27,31,28,23,28,38,31,26,26,28,23,26,31,28,23,23,31,28,26,34,23,27,23,24,24,31,28,34,21,27,24,23,31,31,21,23,23,31,26,24,28,21,28,23,24,31,28,23,21,26,30,26,30,26,23,31,33
87,20,34,20,38,20,20,20,26,27,24,20,20,38,20,30,30,24,20,38,27,24,20,20,31,38,24,20,38,34,26,20,27,27,26,20,24,20,31,27,31,20,20,27,20,28,23,23,38,23,23,34,30,23,26,26,28,21,23,23,31,31,34,21,23,21,38,31,27,23,31,21,21,27,21,23,31,21,24,28,30,23,21,24,28,23,24,28,24,21,23,23,28,27,23,26,31,23,26,23,33
88,24,20,27,24,20,20,26,20,30,30,20,20,26,20,20,38,20,20,20,20,27,27,20,30,31,26,38,31,26,24,24,20,27,27,20,20,31,38,20,34,20,20,20,24,24,38,23,30,23,26,31,24,30,28,30,24,21,28,38,23,23,31,23,23,21,34,31,30,30,31,26,23,24,23,23,21,27,31,34,31,23,23,26,21,34,24,23,31,21,38,21,27,24,21,23,23,31,23,30,35
89,27,27,30,20,31,31,20,20,20,20,31,26,30,20,20,34,27,31,30,24,31,20,30,30,31,27,31,31,38,31,20,31,20,20,20,20,20,31,26,20,20,20,38,20,30,23,38,23,26,38,31,28,28,24,21,31,21,31,24,24,38,21,23,23,23,23,31,30,23,24,21,31,26,23,38,21,26,26,31,31,38,28,23,21,21,26,28,24,28,21,31,24,26,23,38,31,28,26,23,33
90,27,24,20,26,34,26,38,26,20,20,24,24,38,20,20,38,30,26,38,20,20,20,31,30,34,27,38,31,24,31,38,31,20,20,27,20,24,27,34,27,30,20,20,20,28,26,23,27,23,27,31,21,24,24,23,23,26,23,21,27,23,34,23,34,30,34,28,27,23,26,24,23,27,24,38,31,26,21,26,27,23,26,21,21,23,31,31,27,24,28,23,31,38,28,23,24,21,23,27,33
91,20,20,20,38,30,38,30,24,34,26,26,20,31,27,20,31,20,20,38,27,20,20,30,24,31,20,38,31,20,38,20,20,31,20,38,20,20,20,24,20,24,20,30,20,31,26,23,21,23,23,24,26,24,31,24,24,31,28,30,28,23,30,21,28,24,28,27,30,21,26,26,23,26,31,34,26,24,28,24,31,26,21,21,24,27,23,38,23,23,30,31,26,21,23,31,21,34,28,24,35
92,27,20,24,24,20,30,20,20,26,26,24,20,38,20,31,38,20,20,20,30,24,27,26,20,31,31,30,26,20,34,27,20,31,31,20,26,20,30,20,20,20,20,27,26,26,31,28,28,23,23,34,21,31,24,30,24,27,31,31,24,23,38,28,26,23,27,21,31,23,24,28,38,27,24,26,23,26,31,28,26,23,34,24,21,27,26,28,28,24,28,23,24,23,23,23,21,28,31,24,33
93,38,20,20,20,24,31,31,20,24,20,20,26,26,34,20,20,27,31,38,24,20,31,24,31,20,24,38,38,31,26,30,24,20,27,20,20,24,38,20,31,20,20,20,24,21,24,23,26,38,23,21,31,21,24,24,31,26,23,24,31,26,31,23,23,31,21,28,24,26,27,28,23,31,24,21,23,31,31,23,30,23,21,24,23,21,21,28,31,26,31,23,31,31,23,31,21,23,23,24,33
94,20,34,31,20,31,26,20,20,34,30,27,24,26,26,27,30,20,30,26,26,31,20,24,31,38,31,24,31,20,30,20,30,20,20,38,30,34,30,20,20,20,20,26,27,27,23,23,23,23,23,26,26,24,24,23,30,23,38,24,21,23,23,21,23,31,31,24,34,26,21,24,23,26,24,24,23,34,24,26,26,26,21,26,23,23,34,23,21,26,23,28,24,31,24,21,21,23,24,26,33
95,30,27,20,24,30,26,20,31,24,20,27,20,24,20,20,38,30,31,38,20,20,20,31,26,31,20,38,30,27,26,20,20,20,20,20,20,20,38,20,31,20,31,26,20,21,28,26,38,38,26,24,26,26,21,34,26,24,23,28,24,26,34,23,28,23,26,24,21,26,38,23,28,23,30,28,23,26,28,23,34,23,31,24,21,31,31,38,30,24,23,28,34,24,24,23,26,23,28,24,36
96,20,20,24,31,20,20,27,20,20,20,31,20,31,26,20,20,26,31,20,20,30,20,31,20,38,31,38,31,26,38,26,34,20,27,20,31,24,30,26,31,20,26,26,24,26,23,23,26,23,28,38,24,23,21,21,31,31,23,31,23,23,31,26,23,31,24,31,31,23,23,24,23,23,23,24,24,26,23,26,30,23,31,31,23,31,26,23,24,31,38,26,24,24,23,21,24,28,38,26,36
97,27,20,20,31,20,30,20,31,20,24,30,20,31,20,27,31,20,27,30,31,24,27,20,31,31,20,20,34,20,31,20,30,26,20,24,24,20,30,31,20,31,20,34,26,26,23,23,31,28,23,31,26,23,30,24,31,26,23,31,26,38,23,23,23,21,24,24,38,21,24,24,23,24,21,26,34,24,31,38,21,21,26,30,26,31,28,21,31,24,23,28,21,26,38,27,24,24,31,31,39
98,20,20,20,27,20,20,34,20,27,20,27,27,38,30,20,31,26,20,38,24,26,20,26,24,20,20,31,30,26,38,34,31,20,20,20,38,27,26,24,38,24,20,24,20,38,23,23,26,38,26,28,23,27,21,21,24,23,31,24,24,23,31,23,38,26,21,26,21,24,21,31,23,23,21,26,21,34,21,23,24,23,21,27,21,26,23,26,24,26,31,23,31,38,23,23,24,38,38,21,33
99,26,30,20,31,24,20,24,20,20,20,24,20,31,20,24,27,20,24,38,20,26,34,31,20,26,24,26,26,24,31,20,27,24,27,20,20,20,31,20,38,20,20,26,30,30,23,23,21,21,23,24,21,21,24,21,21,21,23,21,31,23,26,26,27,28,31,26,21,23,21,24,23,24,26,21,31,30,24,23,23,38,26,24,23,31,21,28,31,31,23,23,21,28,38,23,28,38,26,31,35
100,20,27,20,24,26,26,20,26,31,20,31,20,38,34,20,38,31,26,31,26,26,20,20,24,30,26,31,27,34,38,34,27,31,26,34,20,31,38,26,20,20,20,38,20,24,21,23,23,21,30,21,21,21,31,27,24,21,30,34,26,23,27,38,23,26,21,26,31,28,30,34,23,28,28,24,38,24,24,38,27,21,21,26,31,23,24,23,23,31,23,23,24,26,23,23,27,28,31,21,33
101,27,20,24,20,31,20,24,20,20,34,20,20,30,20,27,31,31,20,26,27,24,27,20,38,30,38,30,26,34,30,20,20,20,20,31,20,24,30,24,20,20,20,20,20,26,31,23,31,38,38,21,34,21,24,26,26,31,23,21,27,24,21,21,23,21,26,23,27,21,27,21,30,24,27,31,26,31,26,38,30,23,24,24,21,26,27,28,31,21,30,23,27,31,23,28,31,23,31,24,35
102,20,20,27,34,30,24,24,26,20,24,27,31,31,27,20,38,24,20,20,31,38,20,24,30,30,20,38,20,30,20,27,24,20,30,31,24,20,30,26,20,27,20,38,20,26,23,23,28,23,31,31,28,31,24,24,24,24,23,24,24,23,26,24,28,26,24,26,24,21,31,26,26,23,26,26,31,31,26,30,24,28,27,21,34,26,24,21,28,24,28,23,31,24,26,23,24,31,28,23,35
103,27,26,24,20,31,38,31,31,20,24,20,27,20,20,34,20,24,27,30,20,24,20,26,24,26,20,20,38,20,38,20,27,27,24,20,20,27,38,26,20,20,20,24,20,28,28,23,23,28,23,24,27,31,27,24,24,38,21,21,30,23,23,21,23,26,24,28,23,21,21,30,23,27,21,26,23,23,28,38,24,28,21,24,27,26,24,23,24,24,21,23,27,31,21,23,26,23,34,26,33
104,20,20,24,20,20,20,20,20,20,20,20,26,38,30,26,20,20,20,38,20,20,31,20,20,20,20,31,20,20,31,30,20,20,24,27,24,20,38,20,20,27,20,20,24,31,26,23,23,26,23,26,21,26,24,26,31,26,38,24,28,38,21,28,21,30,24,31,23,26,24,28,23,24,34,27,21,21,21,23,26,23,21,24,21,34,26,21,28,24,38,38,24,23,23,23,26,28,21,24,35
105,27,20,20,26,20,34,20,20,20,27,20,27,38,20,20,38,26,20,38,20,26,38,20,24,38,31,38,20,20,38,38,27,20,27,20,20,30,30,20,20,20,31,24,20,26,23,38,27,23,23,21,27,38,23,30,21,24,23,27,31,38,31,28,23,31,24,28,26,30,27,26,23,23,24,24,23,26,34,30,27,21,24,21,21,26,21,31,24,31,23,23,21,24,23,23,26,26,24,38,33
106,24,27,20,31,34,30,24,20,20,20,30,30,26,34,20,38,20,31,31,20,20,20,27,26,38,20,30,38,20,38,20,20,20,26,24,27,20,38,20,20,31,20,27,31,21,28,23,23,21,26,21,28,27,24,23,31,23,23,24,26,24,24,23,31,21,21,24,24,26,24,24,38,23,28,21,26,30,23,38,27,28,27,27,38,24,26,23,24,24,28,23,23,30,30,38,21,31,31,34,43
107,26,31,20,20,27,20,20,27,20,26,27,27,30,20,24,20,31,20,38,20,24,26,31,27,31,20,30,26,20,38,20,20,20,20,27,20,27,30,26,31,26,24,20,31,23,23,34,28,28,28,21,21,26,34,27,27,31,23,23,24,23,21,38,23,24,26,24,24,23,26,26,23,24,21,27,26,34,24,23,31,21,23,24,28,31,34,28,26,28,30,38,23,31,23,23,21,23,31,24,40
108,20,20,24,20,20,20,31,20,20,20,27,24,30,20,34,31,20,31,26,20,34,26,26,31,31,20,24,38,20,27,20,20,20,30,30,20,24,38,24,20,24,20,20,24,23,23,23,24,23,28,24,24,23,31,21,23,26,21,24,23,26,24,23,23,24,31,21,31,38,28,27,34,23,38,31,24,26,24,23,26,23,23,27,24,26,30,31,26,24,23,28,28,24,23,28,31,38,30,27,33
109,31,20,27,20,20,20,26,20,20,27,27,27,38,20,20,30,20,27,34,26,31,27,27,20,34,20,31,20,30,27,31,20,24,30,34,20,34,38,26,20,26,20,20,31,21,23,23,38,31,23,24,26,24,26,26,21,26,28,27,24,23,27,28,23,38,27,26,24,31,24,24,27,21,38,24,21,28,31,23,28,38,21,23,21,30,24,23,23,34,23,30,31,24,30,28,26,28,28,24,35
110,20,20,31,27,20,20,20,27,31,20,24,26,26,20,20,38,20,27,30,20,24,20,26,24,31,31,34,26,20,31,20,20,20,20,24,24,30,38,20,27,38,27,20,20,26,23,23,23,30,23,27,26,24,24,23,27,30,31,24,21,23,24,23,28,30,24,27,21,21,24,24,23,23,24,28,24,24,24,23,26,23,30,38,26,28,21,21,21,24,28,38,21,24,23,26,24,38,24,26,33
111,20,20,31,24,20,24,24,34,27,26,31,20,26,34,20,38,31,20,38,20,24,20,30,20,31,20,26,30,20,38,27,38,30,24,20,20,20,38,20,30,20,20,31,20,26,26,28,23,21,31,23,28,24,31,24,26,21,28,24,26,28,24,23,23,21,24,26,28,28,24,26,23,24,23,24,21,24,26,21,21,28,38,23,21,31,24,23,23,23,26,31,21,34,31,34,31,23,28,24,35
112,20,24,20,24,26,20,31,20,20,31,24,20,38,24,30,38,26,27,38,20,31,27,24,20,30,20,38,38,24,30,31,20,20,20,20,27,34,24,31,27,30,27,20,20,24,28,23,31,23,23,31,24,27,24,24,21,26,28,24,23,23,21,23,23,26,24,31,34,27,24,34,23,24,26,28,27,24,31,23,30,38,24,27,31,38,24,21,27,26,23,23,28,24,31,23,31,30,34,24,33
113,20,20,20,20,30,20,20,24,20,20,24,20,30,20,31,30,20,20,38,20,24,20,20,27,31,27,31,31,27,34,20,20,31,20,30,20,20,38,27,20,20,27,24,26,31,23,21,21,28,28,28,30,21,27,31,24,21,21,23,27,26,24,28,34,23,24,31,24,23,31,27,38,27,27,24,26,21,38,30,28,28,31,23,23,24,26,23,21,21,31,31,30,26,23,21,31,38,24,28,33
114,20,20,20,20,20,20,20,31,34,20,20,20,34,20,20,38,34,20,20,20,24,31,26,26,26,20,31,30,20,26,27,20,20,20,31,24,30,38,30,27,30,24,27,31,34,23,28,23,28,26,26,21,26,24,21,31,26,23,26,30,38,34,31,23,30,31,31,28,23,26,26,28,26,23,26,27,30,24,38,27,23,31,24,21,30,26,31,34,24,23,23,34,24,23,23,21,23,30,31,33
115,27,20,24,27,20,20,20,20,20,20,24,31,30,27,24,30,20,20,20,27,24,27,24,24,38,20,27,31,20,31,27,20,24,30,30,27,20,30,34,24,20,24,20,38,24,23,23,23,38,21,27,31,21,31,24,24,21,28,24,24,23,24,28,34,24,21,31,21,27,26,24,38,31,34,27,24,24,21,38,24,23,31,26,28,24,26,28,21,38,23,23,23,28,23,23,30,23,27,34,35
116,20,20,20,20,20,30,20,20,27,27,20,27,31,38,20,34,27,20,38,24,20,20,27,24,38,27,31,38,34,38,20,20,20,20,20,31,31,31,27,31,26,20,20,20,21,38,23,23,21,30,30,26,28,24,31,26,28,26,24,23,23,21,38,23,26,23,34,26,26,24,31,23,31,21,31,21,28,26,31,24,26,24,26,23,21,27,23,38,34,26,23,24,26,23,28,24,28,30,24,33
117,27,24,24,31,31,20,20,20,27,24,20,20,38,20,20,31,20,20,31,20,30,27,24,20,38,20,26,30,31,38,20,24,31,31,20,20,31,31,20,20,20,27,20,20,26,23,23,23,23,28,31,24,26,30,26,24,27,23,24,24,23,24,21,23,27,24,24,31,24,31,21,28,21,31,31,21,26,28,21,21,31,31,24,23,24,23,23,24,27,28,38,21,28,23,38,38,23,28,21,36
118,27,20,27,20,30,20,20,20,20,27,20,34,20,31,27,38,20,27,26,24,24,26,24,20,26,34,26,38,20,20,26,20,27,20,27,20,24,38,20,20,20,20,30,31,31,21,21,28,31,23,27,24,24,38,27,31,31,23,30,23,38,23,23,28,24,24,31,24,26,31,24,23,31,24,26,28,27,34,38,26,26,21,30,28,27,26,23,27,31,21,28,23,21,23,28,27,28,31,31,40
119,20,31,31,34,34,20,24,20,20,24,20,20,26,20,20,38,27,34,30,30,34,20,31,20,38,30,38,38,20,30,24,20,31,24,24,27,27,38,31,20,24,26,34,27,23,23,23,30,23,23,26,24,24,21,31,28,27,23,23,21,23,31,28,23,23,34,21,23,21,26,31,23,38,38,26,31,24,21,34,24,23,27,24,23,31,28,38,27,21,28,38,21,24,23,21,28,23,28,24,33
120,20,20,20,20,20,20,20,20,24,20,20,20,34,20,31,38,30,20,31,24,24,24,20,24,38,20,30,38,30,20,34,27,30,20,24,20,20,38,20,30,34,20,20,31,23,23,31,26,26,23,26,31,31,31,24,38,24,23,24,38,23,21,23,38,26,27,26,23,26,28,34,23,24,38,26,24,24,30,23,26,23,21,21,31,24,38,23,24,24,38,23,21,34,23,23,21,23,31,31,33
121,30,34,20,20,20,20,24,26,31,31,20,24,31,20,20,38,24,24,30,24,24,20,20,30,38,20,30,31,26,26,20,20,34,20,34,20,34,31,20,26,38,20,20,24,23,21,23,28,23,21,21,26,31,21,23,26,28,28,28,21,31,24,26,23,28,26,31,28,24,31,31,23,31,24,24,31,24,23,21,24,23,21,21,23,26,31,21,23,21,31,30,21,24,23,38,34,23,26,26,35
122,27,27,20,20,20,24,20,20,20,20,20,20,38,34,20,38,26,27,20,20,27,20,30,24,31,20,24,26,24,20,20,20,24,24,27,20,27,38,20,20,20,27,20,26,31,28,23,23,28,28,24,21,30,27,24,24,26,23,24,23,23,31,23,31,21,27,23,31,24,21,31,23,26,31,21,26,28,24,28,26,31,24,24,28,30,24,23,30,24,21,23,23,24,28,23,31,28,28,26,35
123,20,20,20,27,27,27,31,20,20,31,20,20,38,24,31,38,27,26,26,30,30,20,26,20,31,31,30,38,20,31,20,27,20,38,20,20,20,26,34,20,20,20,20,20,21,23,38,23,26,23,24,21,28,24,34,31,24,28,31,21,21,24,23,23,28,26,31,26,24,21,26,23,31,23,31,30,24,26,28,31,23,21,28,24,31,23,38,21,26,23,23,27,24,23,23,24,21,31,27,36
124,20,31,20,20,27,34,20,20,31,34,30,27,31,20,27,38,24,31,38,20,26,27,31,27,31,27,38,34,20,34,24,20,27,31,24,20,20,20,20,24,20,31,20,20,30,23,23,26,28,26,26,24,26,24,24,26,23,21,24,38,23,21,31,23,24,21,38,34,31,23,34,38,23,26,31,23,26,24,23,21,23,34,24,31,34,21,38,30,24,28,21,31,21,23,23,23,28,34,31,40
125,27,20,20,20,20,27,24,26,20,20,31,20,26,20,20,38,20,31,38,20,20,20,27,20,38,20,38,38,27,31,20,31,30,31,31,30,20,38,27,31,20,24,34,20,30,23,23,21,23,31,28,26,24,23,26,31,31,28,24,27,21,21,23,23,26,26,31,24,21,26,24,23,23,21,24,24,23,24,21,31,28,26,26,21,31,28,28,38,24,23,38,24,27,23,26,30,23,30,26,40
126,38,34,20,34,20,27,26,20,20,24,30,20,31,20,30,20,20,20,30,27,20,20,26,34,38,20,26,38,20,38,26,20,20,20,38,34,27,26,20,20,20,20,27,20,24,23,31,23,23,31,24,24,24,24,30,31,24,28,28,30,23,38,23,23,21,23,24,38,21,27,26,38,27,23,26,28,24,31,28,21,38,24,31,31,21,24,23,24,34,30,23,23,26,28,28,21,38,31,24,33
127,24,26,30,27,26,20,38,20,30,20,20,20,31,20,27,26,20,20,38,31,30,20,26,24,30,31,38,38,31,20,31,20,20,31,20,27,24,20,31,20,27,20,27,20,24,23,26,28,23,23,30,31,30,28,27,21,23,28,31,31,23,30,26,34,31,24,34,21,26,24,31,30,31,24,21,26,28,21,28,21,23,24,31,28,26,24,23,24,31,24,28,23,31,38,31,24,38,23,23,33
128,27,20,38,20,20,30,20,24,31,24,26,20,38,20,20,20,27,20,26,24,20,24,31,26,27,20,38,31,27,38,24,20,27,27,30,27,26,38,31,20,20,34,27,20,26,23,38,23,23,21,26,31,31,30,23,24,24,23,24,24,38,24,23,23,24,31,31,24,26,26,31,31,24,26,27,26,26,23,21,27,38,24,23,31,26,27,38,24,24,23,31,31,27,23,23,21,23,31,31,33
129,26,20,20,30,27,20,20,34,20,30,26,20,38,26,20,30,31,20,30,24,24,31,31,27,31,20,31,30,20,38,20,31,20,20,20,24,30,31,20,20,20,24,20,20,24,21,23,23,26,23,31,24,24,38,31,24,23,23,31,30,23,31,28,23,28,24,21,21,21,24,26,23,31,23,24,31,23,24,30,21,26,21,24,23,21,21,23,31,31,23,23,23,27,23,23,24,26,23,31,33
130,20,20,20,20,34,20,20,20,20,31,20,30,38,20,27,38,27,20,20,20,27,26,20,24,38,27,26,30,20,38,20,20,24,20,27,26,20,26,20,34,27,26,20,24,21,26,23,30,23,38,28,24,23,24,24,24,31,28,24,23,23,21,23,23,24,28,28,21,31,21,21,31,21,24,24,24,24,24,23,24,23,26,30,21,31,21,38,31,31,23,23,24,26,23,23,31,23,28,24,40
131,24,27,27,24,20,20,30,20,20,38,20,20,24,20,20,20,20,20,30,30,38,20,24,24,26,31,38,31,20,26,20,27,31,24,27,20,31,31,20,20,20,38,30,30,30,21,23,23,23,23,26,26,24,27,31,26,38,23,24,21,38,24,30,30,21,21,26,26,24,26,24,23,24,21,26,21,26,31,23,24,28,21,24,30,24,30,23,27,24,21,23,34,24,23,23,26,30,21,23,33
132,34,27,27,20,24,20,20,20,24,24,27,20,38,31,27,31,31,20,31,20,31,20,20,24,24,20,27,38,20,38,20,20,20,27,31,20,20,38,20,20,24,20,20,20,38,23,28,28,23,30,31,24,31,24,21,31,26,24,30,24,28,23,38,23,24,26,38,31,30,27,24,23,23,26,24,27,21,24,38,31,23,24,26,31,23,24,38,21,24,28,28,31,21,26,28,23,23,28,24,35
133,31,20,26,20,24,27,27,27,20,27,20,20,38,20,20,20,27,20,30,20,24,24,24,31,38,20,20,38,20,38,27,24,20,27,34,20,20,31,20,20,20,24,20,20,24,28,23,28,38,23,31,24,24,24,31,26,31,26,24,24,23,27,23,23,24,21,31,26,26,26,34,30,26,31,24,26,21,34,38,21,23,30,24,28,21,24,38,31,27,23,23,23,30,27,26,24,28,31,24,47
134,20,20,20,24,20,20,20,20,31,24,20,20,38,27,20,38,20,20,20,20,26,31,20,34,24,30,38,38,20,38,24,34,20,20,20,24,20,30,20,20,27,24,20,34,27,38,28,26,38,23,21,27,24,24,26,28,24,23,31,24,38,21,23,28,30,21,31,28,31,23,26,31,21,21,24,31,31,34,28,26,28,21,31,28,27,24,23,24,30,23,38,24,34,38,21,21,38,24,26,35
135,26,20,27,20,24,31,20,20,20,20,27,34,20,31,24,30,31,24,38,20,27,24,24,31,38,20,38,31,20,31,20,20,20,24,27,20,27,20,27,24,31,30,20,26,21,23,23,23,23,23,24,30,23,34,31,23,31,23,34,26,23,24,23,21,26,24,21,24,31,24,21,23,27,27,21,30,31,24,24,24,28,28,21,23,23,26,38,24,24,28,28,26,31,28,23,24,21,28,23,35
136,20,20,31,27,20,20,20,20,24,20,20,20,38,27,27,31,20,30,20,26,24,20,20,20,38,30,38,38,31,26,20,27,20,20,20,20,20,20,24,20,20,27,20,20,26,26,21,23,28,28,31,24,24,24,31,23,21,38,28,26,23,21,23,23,31,27,30,31,26,24,24,23,27,24,21,24,24,24,23,30,23,24,31,30,24,27,23,38,31,23,23,24,28,28,28,26,28,31,21,33
137,24,24,31,20,31,27,20,30,30,27,26,27,26,20,20,38,38,34,30,20,38,20,26,26,30,20,38,20,20,31,26,20,34,24,20,20,31,27,31,20,20,20,20,24,31,23,28,23,23,38,24,21,26,27,24,27,23,38,23,27,23,24,23,23,26,26,34,28,24,34,31,28,21,26,31,21,26,27,31,24,23,31,31,28,31,26,23,34,34,23,38,21,21,28,28,26,38,28,31,40
138,20,20,30,20,31,34,20,20,30,20,30,20,20,20,20,38,38,20,30,27,27,20,24,27,38,20,38,31,24,38,24,20,31,26,20,38,20,20,31,20,20,20,27,20,26,31,26,23,23,23,21,28,26,34,23,27,31,28,23,24,23,24,26,23,26,26,26,23,21,24,31,31,24,24,28,24,23,21,23,24,28,24,24,26,24,24,28,28,28,23,23,26,21,23,38,26,28,31,24,33
139,20,34,31,24,20,34,20,20,20,20,20,20,38,30,20,30,24,20,20,20,31,30,26,20,31,20,31,38,20,38,20,20,24,20,20,20,20,30,20,20,38,20,24,24,30,23,23,23,23,23,27,26,21,26,31,24,26,23,23,24,23,26,38,23,23,24,26,24,30,31,24,28,21,26,21,21,24,24,23,24,26,24,21,21,26,26,28,30,27,23,23,23,23,23,28,28,23,21,34,35
140,24,31,20,20,31,20,24,24,31,20,20,34,30,34,31,20,20,24,20,20,26,30,24,26,38,20,26,26,20,38,24,26,20,20,20,20,20,20,20,30,20,24,20,20,26,30,23,23,23,23,24,24,24,31,28,28,31,23,26,26,28,31,23,28,24,28,21,23,26,27,24,23,26,24,24,27,27,31,28,26,23,24,24,28,21,31,30,24,24,28,21,26,31,23,31,24,23,31,24,33
141,24,38,30,31,31,20,20,20,31,20,27,20,30,20,31,20,34,27,20,24,24,31,24,38,26,20,38,31,20,26,27,20,20,31,20,20,20,20,20,20,20,20,20,26,26,21,23,23,23,23,24,27,26,24,27,24,26,38,23,21,38,24,23,26,24,26,31,21,24,31,23,23,24,21,24,26,28,24,23,24,23,24,21,28,26,24,23,27,21,23,28,24,27,23,23,21,23,31,24,35
142,31,34,20,24,27,20,20,20,20,27,38,31,38,34,26,38,24,31,31,20,24,20,27,26,38,20,26,31,20,30,20,26,27,20,20,20,31,24,20,30,20,20,24,24,27,23,21,28,23,23,26,27,23,24,21,31,26,23,23,24,23,21,28,31,24,31,24,21,26,24,21,23,24,26,23,26,27,26,38,26,23,24,26,28,31,21,23,23,31,38,23,30,31,23,26,21,23,30,24,35
143,20,26,31,20,27,20,20,20,30,24,20,20,30,20,24,31,27,30,38,27,26,20,26,24,31,20,30,31,31,30,20,20,30,31,20,20,20,24,38,27,20,34,20,20,24,28,23,38,23,23,31,21,24,24,24,24,24,38,23,24,30,21,23,23,23,23,24,23,27,21,27,23,24,24,31,24,24,21,23,24,24,31,31,30,31,31,23,21,31,28,23,24,34,23,31,23,23,26,24,35
144,20,24,20,20,26,20,20,24,34,31,20,20,38,24,31,38,20,27,38,20,26,24,24,24,38,24,31,20,31,20,31,20,31,20,24,20,20,24,20,31,31,20,26,24,24,31,31,23,28,23,38,24,27,24,30,24,21,28,28,21,23,31,30,28,27,24,24,21,21,27,27,23,24,24,24,21,21,24,38,31,23,21,38,28,26,26,23,27,24,28,23,24,24,31,28,24,23,31,21,33
145,20,20,27,31,20,26,34,20,20,31,20,20,26,20,20,38,20,26,38,31,31,20,31,31,38,27,30,38,20,26,26,20,27,20,30,24,24,24,20,31,20,20,26,31,24,26,23,28,31,23,24,27,21,26,23,24,24,21,28,21,21,31,23,23,24,31,26,24,30,28,31,23,23,28,21,26,27,31,23,21,23,27,26,23,31,31,23,21,26,38,23,31,21,23,23,21,28,21,26,33
146,30,20,24,20,34,20,20,20,20,20,31,20,38,20,20,20,20,30,30,27,20,20,24,31,26,27,30,30,20,20,20,24,20,20,20,24,20,27,20,31,20,20,20,20,26,23,23,23,26,23,28,24,24,31,24,24,21,23,23,21,31,31,28,23,27,21,31,24,26,21,21,31,21,21,30,24,31,30,38,24,28,31,26,23,26,24,23,23,27,23,23,26,21,23,23,27,28,31,24,33
147,20,20,26,20,20,26,24,20,20,24,20,20,30,20,31,38,20,27,38,31,27,34,24,24,31,20,26,26,27,27,20,20,27,20,27,20,31,24,20,34,20,20,20,26,24,28,28,38,23,23,28,24,21,23,26,26,24,38,23,21,23,31,23,28,21,24,28,26,24,26,31,23,24,23,21,23,26,24,23,24,21,24,27,28,26,31,28,26,24,28,23,27,24,23,23,24,23,26,24,40
148,26,20,20,20,26,27,20,20,27,20,20,20,30,20,20,20,26,20,38,31,26,20,24,20,31,20,31,38,31,27,24,20,20,20,20,20,24,31,24,20,20,20,20,27,24,21,23,26,30,23,24,31,24,24,24,27,31,23,31,31,31,21,28,26,24,27,24,24,21,24,21,23,28,24,24,21,30,23,30,21,23,24,24,28,34,23,23,24,23,26,23,27,26,38,23,31,38,26,38,33
149,31,27,20,24,24,24,20,20,20,31,31,20,31,20,24,30,24,27,30,27,27,30,26,30,26,24,38,30,24,20,20,20,20,20,31,20,24,20,20,27,20,27,20,20,23,23,38,23,38,28,24,24,26,21,31,24,26,23,23,30,28,26,23,23,31,31,31,24,24,30,24,23,27,27,30,26,31,26,23,24,30,23,26,24,24,24,23,30,24,23,28,21,24,28,23,26,23,24,24,35
150,20,20,20,34,20,20,34,27,20,20,24,20,31,24,20,20,20,38,38,26,20,24,24,31,20,20,31,30,27,27,38,26,20,20,20,27,20,20,20,20,31,20,20,27,26,23,23,23,23,23,21,31,26,26,24,30,27,23,38,24,31,21,31,28,24,21,27,24,24,26,21,23,24,21,24,24,23,23,23,24,23,21,30,28,24,21,23,27,24,23,23,24,21,23,23,26,31,31,26,33
151,34,27,27,30,20,27,20,20,20,24,20,20,26,24,26,20,20,24,20,24,20,27,27,20,34,20,31,20,27,20,20,20,27,38,24,20,20,20,20,20,20,20,30,20,24,30,23,23,38,23,21,21,21,28,24,24,26,23,38,24,23,31,26,23,24,24,24,31,27,23,21,23,24,24,21,31,24,21,26,24,38,21,38,28,24,31,38,26,24,30,23,31,24,21,23,31,28,24,24,33
152,20,20,20,20,20,20,24,38,24,24,20,20,38,20,20,31,20,24,38,20,34,27,24,20,27,20,31,38,26,20,20,20,20,20,20,30,30,27,20,31,27,20,20,30,24,28,23,21,23,23,31,21,24,21,24,30,24,38,28,24,28,24,21,23,31,24,24,30,24,24,30,23,21,27,24,31,21,24,23,24,31,28,24,31,26,34,23,23,24,23,30,24,24,31,23,26,23,24,24,33
153,20,20,20,27,20,20,26,26,20,20,24,27,38,20,27,38,20,24,38,34,20,20,26,26,20,20,38,20,27,24,27,20,20,24,20,20,20,20,20,20,26,20,20,31,34,30,23,23,30,23,24,27,26,21,26,24,31,23,28,23,23,24,23,23,31,31,31,24,28,26,26,23,24,24,31,24,26,24,23,24,23,31,24,21,24,21,23,23,21,23,31,30,24,28,23,34,28,31,30,33
154,30,24,27,20,38,34,20,20,20,34,20,30,30,31,20,20,20,20,20,20,30,20,27,30,20,20,27,34,20,20,20,20,20,20,20,20,31,31,20,20,20,31,20,26,24,21,31,23,23,38,24,24,26,24,31,21,31,21,23,26,23,34,34,23,31,26,31,24,24,28,26,38,28,23,27,31,24,38,23,27,23,27,21,28,26,28,38,31,24,28,23,24,24,27,23,26,31,30,28,36
155,24,27,20,27,27,20,26,20,31,31,27,20,38,31,20,38,20,38,30,30,27,20,24,26,24,20,38,34,27,20,20,24,30,24,31,34,27,20,20,20,20,24,20,27,24,23,30,23,23,23,24,31,24,28,21,21,24,38,23,26,23,24,30,23,26,26,31,26,24,24,23,23,27,27,24,24,24,31,23,21,23,21,24,28,26,21,23,31,26,23,23,24,31,24,23,21,23,38,23,33
156,20,30,31,20,20,20,20,20,27,24,20,20,26,24,31,38,26,31,38,20,20,26,24,26,20,20,38,38,20,27,30,27,30,34,20,27,27,20,27,20,20,20,20,20,24,23,23,23,23,24,26,24,31,28,24,28,26,23,23,31,21,24,23,26,27,24,24,31,26,23,24,23,27,21,24,24,24,24,23,24,23,24,24,21,24,23,23,28,21,23,38,24,30,26,28,34,23,28,23,33
157,20,20,27,20,27,20,20,20,31,31,20,31,38,20,20,38,26,24,38,20,20,27,24,24,20,20,31,38,31,20,26,20,38,20,20,20,20,20,20,24,27,24,24,20,24,23,23,23,23,23,24,21,23,31,31,24,24,28,30,34,23,27,28,23,24,26,24,24,31,23,21,23,26,34,24,27,27,26,23,34,23,21,24,28,21,24,23,26,23,23,28,28,21,26,23,27,26,34,27,33
158,20,26,38,27,20,20,20,26,20,30,20,38,31,26,20,20,26,20,20,26,30,20,24,27,20,20,38,38,20,20,27,20,20,20,31,20,20,20,20,20,20,20,20,24,21,23,23,28,23,23,28,24,24,21,31,26,24,30,38,24,28,24,23,30,23,24,31,23,30,24,34,23,30,27,21,27,24,21,28,24,23,27,23,26,26,27,23,34,21,23,38,27,31,30,21,23,23,26,34,36
159,27,20,20,34,20,24,20,20,30,20,31,20,38,20,27,30,20,20,38,20,20,20,20,31,24,20,34,34,20,26,20,20,20,20,38,20,20,20,34,20,20,20,20,20,24,23,38,23,21,23,21,34,31,21,24,34,21,28,23,27,23,24,31,23,31,31,26,31,31,26,28,23,21,23,26,26,24,38,38,26,23,31,27,28,30,24,23,34,30,23,23,26,21,24,30,24,34,31,31,33
160,20,20,20,27,31,20,20,30,31,20,20,27,30,20,27,31,20,20,30,34,20,20,20,38,20,24,26,30,20,34,20,20,20,24,31,20,20,20,27,30,31,20,20,26,24,23,28,26,23,23,26,24,24,24,28,24,31,26,23,24,28,24,23,31,31,21,21,24,24,24,31,21,26,26,34,24,27,27,28,31,38,21,24,21,31,26,23,24,28,23,23,31,24,24,28,28,23,24,23,33
161,20,30,34,20,24,20,20,20,24,20,20,26,24,24,27,38,26,20,20,24,20,24,27,26,20,20,38,31,20,20,31,38,20,20,27,20,24,20,20,20,20,20,20,20,26,31,31,23,28,23,31,26,26,24,24,24,26,38,26,27,23,24,23,23,24,31,31,24,24,24,24,23,24,31,24,21,24,23,23,26,28,31,23,23,24,26,23,24,30,23,31,31,31,21,26,23,38,34,26,33
162,20,20,31,20,31,20,20,30,20,20,24,20,38,20,20,38,20,30,34,20,20,31,26,20,20,24,26,26,20,30,26,20,20,20,20,20,20,20,26,20,20,26,20,24,24,21,23,23,31,23,27,21,21,26,24,24,23,23,38,31,23,24,23,23,24,24,24,27,24,27,24,23,24,24,24,24,21,21,38,24,38,23,27,28,21,26,28,31,24,38,23,26,28,24,26,30,28,31,24,33
163,20,20,34,24,26,20,27,20,31,30,20,27,31,31,20,20,30,31,30,26,20,20,34,26,20,20,38,26,20,24,20,27,20,20,20,20,20,20,20,20,20,34,20,20,24,23,23,26,23,38,27,24,31,31,27,26,27,23,23,21,23,31,26,23,24,31,24,21,31,23,27,38,26,31,21,26,26,31,31,24,31,24,24,28,30,21,28,26,26,23,23,21,31,27,26,24,23,28,24,33
164,20,27,31,20,31,27,20,20,27,31,20,20,38,20,30,20,20,20,38,20,27,20,27,27,20,20,31,31,24,24,20,31,31,24,27,20,20,20,24,26,27,20,20,20,26,23,21,23,23,26,31,21,24,31,31,24,27,23,23,27,23,24,30,23,24,21,24,30,31,24,26,23,24,28,24,26,24,24,38,27,23,21,21,28,30,26,31,24,24,23,23,26,21,24,23,24,23,31,21,33
165,20,27,34,20,38,24,20,20,31,24,20,27,38,20,38,38,27,20,38,20,20,27,20,26,20,24,38,38,20,30,20,24,27,20,31,20,20,20,30,20,34,24,20,24,23,23,28,23,38,21,24,24,30,21,23,24,27,23,23,27,31,27,38,23,28,24,24,26,24,23,24,31,24,21,24,24,26,24,23,31,38,31,24,31,24,23,38,31,24,31,23,26,21,27,28,34,31,28,31,33
166,20,34,20,20,20,20,20,24,20,20,20,24,26,24,31,31,20,30,38,27,20,20,31,20,20,20,38,38,20,20,20,20,24,38,20,20,20,20,20,20,20,31,20,24,23,26,23,23,23,23,24,24,26,31,21,24,21,28,23,24,23,31,38,30,23,21,21,27,31,31,31,23,27,21,31,21,21,24,38,27,23,26,26,21,24,21,31,27,24,23,28,24,26,31,23,21,26,34,24,33
167,31,20,20,20,20,20,20,20,26,31,24,20,26,27,20,38,20,20,38,20,20,20,24,31,31,20,38,38,20,24,20,20,24,20,30,20,20,20,24,24,20,20,20,20,24,28,23,23,21,23,23,24,27,31,31,26,26,23,23,26,23,21,38,26,24,31,24,23,24,31,24,23,24,21,21,24,26,24,28,27,38,27,24,21,24,24,23,21,31,38,23,31,30,26,23,24,23,21,26,33
168,20,24,34,27,31,31,31,20,20,20,20,24,38,20,20,31,20,20,30,20,20,20,26,20,20,20,38,38,20,20,20,24,20,34,20,20,20,31,20,31,31,20,20,27,24,23,23,30,23,23,24,21,24,21,28,26,21,38,23,24,23,24,38,28,30,21,27,21,31,27,34,28,26,24,21,23,31,31,38,30,38,31,24,26,24,26,23,21,31,23,38,24,24,21,23,30,23,28,34,33
169,24,20,20,20,27,20,34,31,20,20,24,20,31,20,20,38,20,20,31,20,20,20,20,20,30,27,38,38,20,20,20,27,20,31,31,20,24,24,26,20,20,31,31,20,31,23,28,23,28,38,26,24,24,21,28,23,23,23,28,26,23,27,38,26,24,21,24,31,24,27,24,28,21,23,24,24,21,24,23,31,23,24,24,28,24,27,23,30,24,23,31,28,31,38,23,27,31,34,24,40
170,27,20,20,20,20,31,20,24,20,20,20,20,30,20,27,20,27,20,20,20,20,38,26,20,20,27,31,34,20,24,24,31,30,20,26,26,20,30,20,20,20,20,30,20,31,21,23,23,23,38,26,21,21,24,24,21,26,23,23,26,38,21,38,23,21,23,21,28,21,26,30,23,24,31,24,31,24,24,23,27,23,26,24,31,24,24,23,26,26,23,23,24,24,24,23,24,23,31,24,33
171,30,20,26,20,20,20,20,38,20,30,20,31,30,24,20,38,31,24,34,20,24,27,20,24,24,20,38,38,20,20,24,20,20,20,20,24,26,27,20,30,24,20,20,20,24,31,23,23,28,28,21,31,21,23,23,31,24,23,28,31,38,24,28,38,23,26,24,31,30,24,24,28,26,34,31,24,31,31,28,24,23,27,24,28,24,21,28,24,26,31,23,21,24,26,23,26,23,31,21,33
172,20,20,31,24,20,20,20,24,20,31,20,24,38,31,24,38,20,20,38,27,20,26,24,34,20,20,38,38,24,20,31,27,20,27,27,20,24,20,20,20,34,27,34,31,31,26,23,30,23,23,24,26,31,27,24,21,21,30,31,24,23,24,38,23,31,24,31,24,24,24,31,23,24,24,24,31,21,24,23,31,23,31,24,26,26,24,38,26,24,23,23,30,21,26,31,21,23,26,31,33
173,20,20,20,20,20,20,27,20,20,31,24,24,38,20,20,20,24,20,38,20,20,27,27,27,26,20,38,38,31,20,26,20,24,20,20,20,24,27,34,20,20,20,24,27,30,26,23,38,28,28,31,24,24,31,27,24,24,28,34,31,28,26,38,23,21,31,23,21,34,24,24,28,24,24,26,24,24,24,38,24,28,24,24,28,21,24,23,34,26,28,28,24,30,24,23,24,38,31,21,35
174,20,20,34,20,26,20,31,20,24,38,20,20,38,27,20,38,20,20,38,24,24,20,30,27,20,20,38,20,20,20,20,27,20,27,31,20,20,20,20,24,20,26,30,20,24,31,30,26,38,23,23,24,31,31,34,21,21,23,23,26,23,23,28,28,31,28,31,31,21,24,31,23,21,24,27,26,26,24,23,21,23,34,24,21,24,21,23,24,26,38,38,26,24,21,26,26,26,26,24,40
175,20,20,20,20,38,20,24,31,38,26,20,20,38,20,20,38,20,20,31,20,20,20,24,24,20,24,38,20,20,30,20,20,20,24,20,31,20,24,27,20,24,27,20,20,24,31,28,23,23,23,24,24,21,24,27,23,28,28,23,24,23,24,38,23,24,26,26,26,24,34,24,38,24,24,24,30,26,24,28,31,23,31,24,28,30,24,23,24,27,28,23,24,26,24,23,30,23,31,21,40
176,27,20,20,20,20,20,20,20,20,20,20,26,30,20,20,38,20,27,20,34,34,20,20,26,27,30,30,30,31,20,20,20,20,20,20,20,24,20,31,20,20,20,20,20,24,26,23,23,23,23,24,21,26,24,24,24,24,23,28,24,23,24,23,23,24,24,24,30,21,24,24,23,38,24,28,24,24,24,23,31,38,21,24,23,24,27,23,24,31,38,26,31,30,31,38,24,23,24,26,33
177,20,30,31,20,26,30,20,20,20,20,20,20,38,20,24,38,20,20,38,20,20,20,24,24,34,20,38,26,20,20,27,20,24,20,27,20,20,20,20,20,20,20,20,20,24,26,23,28,28,28,23,24,21,24,24,21,30,28,23,24,23,26,38,34,21,26,24,24,24,24,24,28,24,24,24,23,24,31,23,24,23,26,21,28,31,24,23,31,31,23,28,21,31,24,28,24,34,31,24,33
178,31,24,20,20,20,26,20,27,20,27,20,20,26,20,31,30,20,20,38,34,31,20,20,31,30,20,38,31,20,24,20,20,31,34,20,20,20,20,31,30,26,31,20,20,27,27,26,23,28,38,31,28,23,26,24,27,24,23,23,24,23,31,31,28,24,31,24,24,24,27,30,23,26,24,24,21,34,26,28,24,28,24,31,28,23,24,23,30,24,23,21,24,24,31,21,23,23,34,28,33
179,27,20,20,20,20,20,20,20,24,24,20,20,26,20,20,30,20,34,31,20,20,24,24,24,26,27,26,30,24,27,20,20,20,20,24,20,30,30,20,20,20,30,20,20,21,26,23,28,23,23,26,24,24,24,31,26,21,21,23,31,23,27,38,23,24,21,24,24,24,24,26,23,23,24,24,31,24,26,23,26,23,27,23,28,24,34,23,24,24,23,23,24,27,26,26,23,31,31,24,33
180,20,24,27,20,20,24,20,20,20,20,20,24,27,20,20,30,27,34,20,20,20,30,24,31,31,27,30,26,20,20,31,31,20,20,20,27,27,27,20,34,20,34,20,27,31,31,23,23,23,23,24,24,24,21,26,23,38,23,23,26,28,27,38,23,24,26,27,26,24,24,26,23,24,31,24,26,24,24,21,26,23,21,24,23,24,24,23,23,24,23,23,24,31,31,23,24,38,26,28,33
181,31,20,20,20,20,20,26,24,27,26,24,20,26,24,20,20,20,20,30,27,20,20,24,26,27,20,30,30,20,20,20,24,20,20,20,20,20,20,27,20,26,20,24,20,31,24,28,23,23,23,21,34,31,24,21,21,24,23,38,26,38,31,30,23,38,24,24,31,26,24,31,23,27,24,24,27,21,28,23,21,38,24,34,28,24,23,23,24,31,23,38,31,24,24,28,24,23,31,24,33
182,20,20,20,20,31,20,20,20,20,20,20,30,26,27,20,31,34,20,30,27,20,20,26,24,20,24,20,31,24,31,20,20,27,20,20,20,20,20,24,20,27,20,20,20,21,21,23,23,31,28,21,26,26,24,26,21,24,23,23,23,23,26,26,31,23,31,24,24,26,24,24,30,24,24,24,24,24,21,23,31,23,26,24,28,27,21,38,23,24,23,23,27,24,26,23,38,23,26,21,33
183,20,20,20,20,24,20,27,20,20,27,20,38,31,20,20,30,27,20,31,20,20,31,24,31,24,30,31,38,27,27,31,20,20,20,20,20,26,20,30,20,20,20,20,24,24,24,23,23,28,23,38,21,28,31,24,26,24,23,23,21,21,24,23,23,23,31,24,24,30,30,24,23,31,31,24,24,24,27,23,31,26,27,27,28,21,26,23,28,24,28,23,24,24,23,28,28,23,31,21,33
184,31,34,20,20,24,20,20,20,20,20,24,24,38,20,24,20,34,20,38,20,20,20,20,30,20,24,38,38,24,20,20,31,20,20,26,20,20,27,20,31,26,20,20,27,21,24,23,23,28,23,24,24,31,24,31,28,27,28,23,26,23,31,30,23,24,26,24,21,26,24,21,31,21,24,27,30,27,26,23,24,23,24,26,21,27,24,23,24,24,23,23,23,31,21,23,27,23,31,24,33
185,27,20,31,24,20,20,20,20,20,20,27,27,38,20,20,20,20,31,38,20,20,20,24,24,24,24,26,38,20,20,38,27,27,20,31,20,20,20,20,26,27,20,30,27,26,30,23,23,31,23,21,26,27,24,21,31,24,23,38,24,23,21,38,23,24,31,24,26,26,24,21,21,30,24,24,24,31,28,28,31,23,24,27,23,27,31,23,24,26,23,23,24,31,27,31,24,21,26,24,40
186,27,24,34,24,31,26,20,20,27,20,20,20,38,20,20,20,20,27,30,20,30,24,24,31,31,26,30,38,27,20,20,20,31,20,20,20,24,20,27,20,20,24,31,20,26,21,23,21,23,30,24,24,26,24,27,28,30,23,23,21,23,31,21,23,24,31,24,24,27,24,24,23,24,24,21,24,24,31,23,26,23,24,31,28,21,26,23,27,24,23,38,31,21,21,23,21,28,31,24,40
187,30,27,20,20,20,27,20,24,20,20,20,20,26,34,20,30,20,26,31,31,24,20,24,24,20,27,38,38,20,20,20,20,20,20,30,20,20,24,24,31,20,24,20,20,24,27,23,23,23,23,27,26,24,26,24,31,31,21,38,24,23,24,26,23,21,27,24,28,21,21,21,28,24,24,24,24,26,26,23,24,23,38,24,31,27,24,23,21,24,23,23,24,24,26,23,21,26,31,23,33
188,20,20,30,20,20,24,20,27,20,20,20,27,38,20,24,20,20,27,30,26,20,20,24,24,30,30,38,38,24,20,20,20,20,31,31,20,27,27,20,20,31,20,34,20,24,24,28,38,23,23,26,24,26,24,27,24,26,38,23,24,23,27,30,26,31,24,31,24,31,26,24,26,30,28,26,27,24,21,28,31,23,24,27,23,24,24,26,26,24,28,23,31,24,31,23,27,21,31,27,33
189,20,31,20,20,20,24,20,31,20,20,20,20,38,20,20,26,20,31,38,20,20,20,20,24,20,20,30,38,20,31,20,26,24,31,20,31,26,30,20,20,27,27,20,27,31,21,23,23,23,28,24,24,27,24,26,24,23,23,23,24,21,24,30,23,28,24,24,24,21,24,24,23,24,24,24,21,24,38,38,26,23,24,24,28,31,21,23,24,24,23,23,24,24,24,38,24,24,31,24,36
190,20,38,20,20,20,31,20,20,20,24,20,20,38,20,20,31,20,20,38,26,27,26,31,27,24,20,30,38,20,20,20,20,20,27,27,24,20,27,27,20,20,26,24,20,24,31,38,21,23,23,24,24,28,24,30,28,23,26,23,21,23,27,23,23,26,30,26,26,24,26,27,23,26,26,26,21,31,26,23,27,23,21,24,28,24,27,23,21,34,23,28,24,24,24,23,31,21,28,21,40
191,20,20,20,34,20,24,20,30,20,20,27,20,38,20,20,38,20,24,38,20,20,20,26,24,20,31,38,38,20,30,20,20,20,24,20,20,20,27,20,31,20,20,20,20,24,28,23,28,38,23,21,31,24,24,24,26,27,23,38,26,23,24,38,26,24,26,31,21,24,24,34,31,30,24,24,24,24,24,23,24,21,27,21,21,23,31,23,24,24,38,23,24,24,24,23,26,26,23,24,35
192,24,20,20,20,24,38,20,20,31,27,20,20,30,20,27,38,20,26,20,34,24,20,31,24,24,24,26,38,27,20,20,30,20,20,20,20,20,20,24,27,30,20,27,20,24,28,38,23,38,30,30,24,30,24,21,24,24,23,23,27,38,26,38,23,26,27,24,31,21,34,34,28,24,21,26,24,21,24,38,24,23,31,24,28,24,28,26,24,26,23,23,23,26,31,23,24,21,31,24,33
193,20,20,20,20,24,24,31,20,20,20,20,20,38,27,20,38,20,27,38,20,20,34,26,31,20,20,38,38,31,26,27,20,31,20,34,20,24,20,31,20,20,20,27,20,24,24,23,23,23,38,24,24,27,24,24,21,24,38,23,23,23,24,23,31,24,31,24,24,21,24,23,23,27,24,24,31,31,26,28,26,23,31,24,28,26,31,23,24,24,23,23,31,27,31,23,21,28,24,23,33
194,20,20,20,20,24,24,27,20,20,20,20,27,38,27,30,38,20,20,38,27,20,20,31,26,20,20,38,38,31,20,20,24,20,20,20,34,20,20,27,20,26,20,24,20,31,31,23,28,23,28,27,24,24,26,27,31,26,23,23,24,23,24,31,23,21,31,31,24,21,27,31,23,24,28,24,26,24,21,23,31,23,26,27,28,31,21,23,31,21,23,23,21,24,24,38,23,21,31,31,36
195,20,24,20,20,20,20,20,20,20,20,20,24,38,31,34,38,30,20,38,20,26,20,27,26,20,24,30,38,20,20,20,20,34,20,27,20,20,34,20,30,20,27,20,20,26,28,23,23,23,23,24,24,24,23,24,24,26,23,23,24,38,24,31,23,21,26,23,31,24,27,24,23,31,27,24,21,24,26,38,24,23,38,34,21,31,24,23,31,27,21,23,27,24,31,23,21,24,26,24,40
196,20,20,20,20,20,26,20,20,20,27,20,20,38,20,20,30,20,20,38,24,27,31,24,24,24,20,38,38,34,20,20,20,30,20,20,20,20,34,20,20,20,20,20,20,26,24,23,21,38,23,27,34,21,24,21,24,30,23,28,26,23,24,30,23,24,31,30,24,24,24,24,23,26,24,23,24,26,24,23,31,38,31,21,24,24,24,23,24,21,23,23,21,31,24,28,31,27,21,31,33
197,24,20,26,20,20,31,27,20,20,20,24,20,31,24,24,30,27,27,20,20,20,20,24,24,27,20,38,38,20,20,20,20,27,20,20,26,30,24,20,20,24,24,20,34,31,26,23,23,38,23,27,27,24,26,24,24,30,23,26,21,28,23,26,31,24,30,24,24,26,21,24,21,27,31,21,31,27,27,23,24,23,31,24,21,24,28,23,28,27,28,23,28,24,24,23,24,26,31,24,40
198,20,34,20,31,20,31,20,20,20,31,20,20,38,20,20,31,31,30,31,20,24,20,24,24,20,20,31,38,20,20,20,20,24,20,34,20,20,24,20,31,20,24,20,20,21,27,23,23,23,28,26,31,26,24,24,28,28,23,23,24,23,26,38,38,24,30,31,28,27,21,23,23,24,24,24,26,26,24,23,24,23,24,26,28,31,26,23,31,23,23,23,21,24,21,28,24,24,38,24,35
199,27,20,20,30,20,24,26,20,20,30,20,20,38,20,20,20,20,27,38,20,20,27,20,27,20,27,38,38,30,20,20,20,34,20,20,20,20,24,20,20,20,20,24,20,24,21,23,23,23,23,26,24,24,31,27,24,28,23,23,24,38,27,31,23,31,21,24,24,24,27,24,28,24,26,24,28,24,26,23,27,23,27,30,23,24,27,21,21,23,23,23,21,31,21,23,24,21,31,23,43
